Login,Password,address1,address2,pass1,arrive,depart
jojo,bean,First street,Delhi,Jojo Bean,Portland,Denver
alex,calder,Second street,New York,Alex Calder,San Francisco,Frankfurt
alek,bolduin,Flowers street,Sacramento,Alek Bolduin,Sacramento,London
norman,rock,Happiness street,Phoenix,Norman Rockwell,Phoenix,New York
roy,lich,Fourth street,Atlanta,Roy Lichtenstein,Atlanta,Denver
edward,hopper,Jmeter street,Honolulu,Edward Hopper,New York,Portland
markus,rothko,Liberty street,Paris,Markus Rothko,Paris,New York
keith,haring,Freedom street,Alabama,Keith Haring,San Francisco,Sydney
jack,poll,Strawberry street,Chicago,Jackson Pollock,Chicago,Atlanta
andy,warh,Art street,New York,Andy Warhol,New York,London
bruce,lee,Fight street,Shanghai,Bruce Lee,Shanghai,Paris
